Title,Media URL,Pinterest board,Thumbnail,Description,Link,Publish date,Keywords
Everything you need to grow sweet corn at home,https://blogger.googleusercontent.com/img/b/R29vZ2xl/AVvXsEjFDEF4-pEz4_nMm4cM56ssPT5hp0LxDE_teKR7eNbQcvEVQuAYNv-ylpvDtexdyeWFAC8nHwtMPP-Dx0rsbvdbDnrdmcBam9ncZeLXlBuYFSB8P2X-Ff-FEJbLLoVUjvbiXXwk9MJJ-oVHyNXIGyq3dPOVaYSUNDCM_WPzSIkXmyNeEeeayVaENme3FvmY/s1600/Gemini_Generated_Image_ilsbz4ilsbz4ilsb.png,GreenTomorrow/Vegetable Gardening,,Everything you need to grow sweet corn at home: SU vs SE vs SH2 varieties- pollination tips- NPK by stage- zone planting calendar- container growing & harvest timing. 🌽,https://greentomorrow2026.blogspot.com/2026/04/everything-you-need-to-grow-sweet-corn.html,,short season corn- cold tolerant corn- early maturing corn- gardening zone 3- gardening zone 4- gardening zone 5- Canadian gardening- prairie gardening
Eggplant balcony pot growing guide,https://blogger.googleusercontent.com/img/b/R29vZ2xl/AVvXsEj7WHiWehuxum6UiCHGONPoqSxf0cmoSkt46w8OLoBKRCGVgTL9wRLwfk_fX_VtSJtfmLoFyAZmsw8W_Tz9HTJLVJNfQkydOvURZADh4OfNs9xMi71rN8ffA9ixJCyZXQg5S38hV9Cs49ODnvHtS1S72j2vKXHPl2C2bGoG1O_S7FTqhvb76W5Tg5RcUZCy/s1600/Gemini_Generated_Image_6qwxao6qwxao6qwx.png,GreenTomorrow/Jardinage & Légumes,,Grow eggplant in pots on your balcony! Complete guide: best varieties- soil mix- watering- fertilizing & harvesting. Perfect for small spaces & containers. 🍆,https://greentomorrow2026.blogspot.com/2026/04/growing-eggplants-in-a-pot-the-guide.html,,Astuces- GreenTomorrow- Engrais Naturels- Care & Maintenance- Harvesting Tips- Aubergine
Growing Garlic: The Ultimate Guide for Canada- USA- Ireland & Sweden,https://blogger.googleusercontent.com/img/b/R29vZ2xl/AVvXsEirzNfUDwNU4qewyhS63iP127lzI07U-kFE4BGXU423jc5SAZnh4EpTfVF3yawuXdu0PtclxVwWXaf6WFxKp-hosqAnTv0IxumvHbd8nJ_28Ufkg3R-Wuxyk2q9N3DiCBw6RDBk04iJnwz_Y0_9O2PJNGPIvLQqfqZl-h0V2JA273Pi23l7Uu1klW52GADR/s1600/Gemini_Generated_Image_fhcw7xfhcw7xfhcw.png,GreenTomorrow/Vegetable Gardening,,The ultimate garlic growing guide for North America & Europe: best varieties- planting dates by zone- soil prep- watering- harvesting & storage tips. 🧄,https://greentomorrow2026.blogspot.com/2026/04/growing-garlic-ultimate-guide-for.html,,Bien-être- Garlic gardening- Engrais Naturels- Care & Maintenance- Canadian gardening- GreenTomorrow
Aubergines : Le Secret d'une Récolte Abondante au Naturel,https://blogger.googleusercontent.com/img/b/R29vZ2xl/eggplant_secret_naturel.png,GreenTomorrow/Jardinage & Légumes,,Découvrez le secret d'une récolte d'aubergines abondante au naturel : variétés- sol- arrosage- engrais et récolte. Guide jardinage bio complet. 🍆,https://greentomorrow2026.blogspot.com/2026/04/aubergines-le-secret-dune-recolte.html,,Potager- Légumes- Jardinage Bio- GreenTomorrow
Le Romarin : L'Herbe Sacrée pour Votre Jardin & Votre Assiette,https://blogger.googleusercontent.com/img/b/R29vZ2xl/romarin_herbe_sacree.png,GreenTomorrow/Jardinage & Légumes,,Tout sur le romarin : culture- entretien- récolte et bienfaits. L'herbe aromatique indispensable de votre jardin et de votre cuisine. Guide complet 🌿,https://greentomorrow2026.blogspot.com/2026/04/le-romarin-lherbe-sacree-pour-votre.html,,Plantes Médicinales- Herbes- Bien-être- GreenTomorrow
Cultiver de l'ail : Le guide ultime,https://blogger.googleusercontent.com/img/b/R29vZ2xl/ail_guide_ultime.png,GreenTomorrow/Jardinage & Légumes,,Guide ultime pour cultiver l'ail en pot ou au jardin : variétés- dates de plantation- entretien- arrosage et récolte. Conseils pour le Canada et la France. 🧄,https://greentomorrow2026.blogspot.com/2026/04/cultiver-de-lail-le-guide-ultime.html,,Bien-être- backyard garden- Canadian gardening- Care & Maintenance- Jardinage balcon- Jardinage Bio- Cultiver l'ail
Compost Maison : L'Or Noir du Jardinier Écolo !,https://blogger.googleusercontent.com/img/b/R29vZ2xl/compost_or_noir.png,GreenTomorrow/Jardinage & Légumes,,Fabriquez votre compost maison facilement ! L'engrais naturel le plus efficace pour un jardin bio et productif. Conseils pratiques et astuces d'experts. 🌱,https://greentomorrow2026.blogspot.com/2026/04/compost-maison-lor-noir-du-jardinier.html,,Sol- Engrais Naturels- Astuces- GreenTomorrow
Growing Basil in Pots & Gardens: The Ultimate Guide,https://blogger.googleusercontent.com/img/b/R29vZ2xl/AVvXsEjW3PfDmsv4G1acTO3YQr_ZESGVEddI6yo06ykj5Jr5OCEMcDnA3R_fl_ffusRQaN33eDh5ojkSjmbaLGZG1oYFzvhCiAG84z3k5bM7ist5vy1RoI5UdWZ0yMc8_L_pT0xhVNeGga3dt2b_sbjY3ifBhgccVqBIS7bwi-sVTiDtFCPd-4dezS796MTEB2uP/s1600/Copilot_20260425_103425.png,GreenTomorrow/Herb Garden,,Ultimate guide to growing basil in pots & gardens: best varieties- soil- watering- pruning & making homemade pesto. Grow lush basil all season long! 🌿,https://greentomorrow2026.blogspot.com/2026/04/growing-basil-in-pots-gardens-ultimate.html,,growing basil- how to grow basil- basil plant care- basil from seed- growing herbs indoors- container gardening- herb garden- basil pesto recipe
How to Grow Seedlings & When to Transplant,https://blogger.googleusercontent.com/img/b/R29vZ2xl/AVvXsEgkjQ7aTKt7NDPs0Ab8J9xgGL3bftivZ6518h1YxxjDC-r9xSqb8IarMdBcc0fg-z54FehndKQCRQbDWfAqFvEHJ2M9Q2sTlPXf98-2QAQXegrge_0siVFKTLMlBYWDYBzuliRq-SfPqYDBRWe8RCie9DAy4sCBLM0wT94bD0FHqMAdvoQPIX0KeA6vBd6U/s1600/Gemini_Generated_Image_4o92rd4o92rd4o92.png,GreenTomorrow/Vegetable Gardening,,Learn how to start seedlings indoors and know exactly when to transplant. Step-by-step guide for vegetables- herbs & flowers — from seed to garden. 🌱,https://greentomorrow2026.blogspot.com/2026/04/how-to-grow-seedlings-when-to-transplant.html,,Semis- Seedlings- backyard garden- balcony- Jardinage Bio- gardenning- farm- Bien-être
Growing Aloe Vera in Pots & Containers,https://blogger.googleusercontent.com/img/b/R29vZ2xl/AVvXsEgnbK6EB7m09yprl0OCkiUoVd1oITP3xcWLbxMUrjnavcJK7Xf5VqPOkg-7rF7btpysnHOZECrNS9YDRSdfmDpHkLTNDkwU7fd6SRzuKTI7KGdcFnRm83fUotuzlAZdtHfvc_rRm1pw_WQNeI-w8m7qpQT7hu1NCOhe3dGi0gD4mxdpOwhF5A6NH88ItdqZ/s1600/generated-image.png,GreenTomorrow/Plant Care,,Grow thriving aloe vera in pots! Complete care guide: light- watering- soil- repotting & harvesting the gel. Perfect indoor & balcony plant. 🌵,https://greentomorrow2026.blogspot.com/2026/04/growing-aloe-vera-in-pots-containers.html,,Aloevera- Growing Aloe Vera- pots- containers- balcony- container gardening- NPK- Plant Care
Master balcony cabbage growing,https://blogger.googleusercontent.com/img/b/R29vZ2xl/balcony_cabbage.png,GreenTomorrow/Vegetable Gardening,,Master growing cabbage on your balcony! Best varieties for containers- soil mix- spacing- watering & pest control. Fresh cabbage all season long. 🥬,https://greentomorrow2026.blogspot.com/2026/04/master-balcony-cabbage-growing.html,,Cabbage- balcony- healthy- Astuces- chou- cabbage harvest- cabbage diet- cabbage seeds
Growing potatos in pot,https://blogger.googleusercontent.com/img/b/R29vZ2xl/AVvXsEgEctmMyUbHKnvBkiNb-M26lhW4fmTow6KyHuqXiV1DW56TAAyQaMV5kqNT1axgSslna0kIG67KkMdiApOOSbLrdNu14WgMj3wnIdWmf6C9CYh4Aj2OIKjngRJgxN_M_ijH0oiUwCjOuRX9fTKOV7TltVS_GeEM0qU-GLq_nnpavHr0t8l0vKsDTJS_Xoj5/s1600/Gemini_Generated_Image_d4uo0d4uo0d4uo0d.png,GreenTomorrow/Vegetable Gardening,,Grow potatoes in pots anywhere! Complete guide: best varieties- container size- hilling- watering- fertilizing & harvesting your own potatoes at home. 🥔,https://greentomorrow2026.blogspot.com/2026/04/growing-potatoes-in-pots-ultimate.html,,Potatoes- Engrais Naturels- GreenTomorrow- Harvesting Tips- Care & Maintenance- irrigation- Jardinage Bio- Légumes
Growing Peppers in Pots & Gardens,https://blogger.googleusercontent.com/img/b/R29vZ2xl/AVvXsEiUp-fO8LZWD-ispwCPb187POJgzm9hbWcX_jHtO8ATF_TTZ1w-tDcZfOEdVM8Tj-ca996BCplm-OOJI9iY237qhcnN3KQRxOHKO4_HXIjHwJFriH2icFK7F_uFDZpG0yRJ84kOkbEP5OOKKUxr8y56yariU_wmgPAbn0W_wq5JKh7hns7wxHOivHwk4Vg-/s1600/Gemini_Generated_Image_7rou977rou977rou.png,GreenTomorrow/Vegetable Gardening,,Grow peppers in pots & gardens: best varieties- soil- watering- fertilizing- pruning & harvesting. From sweet bell peppers to hot chili peppers! 🌶️,https://greentomorrow2026.blogspot.com/2026/04/growing-peppers-in-pots-gardens.html,,pepper gardening- how to grow peppers- hot pepper cultivation- potted peppers- planting peppers in containers- vegetable gardening tips- growing chili peppers- indoor pepper
Growing Broccoli: The Ultimate Guide for Canada- USA- Ireland & Sweden,https://blogger.googleusercontent.com/img/b/R29vZ2xl/AVvXsEhPPeKSgM_NkDYU-QBvhKJZxmUqUE4J8e5gnaroEYIxaebXuc8JCwS766vO1WIpd2XRKOq33ftiGFKcO93b8SHZ7SBOseNmjA5gcJEz-MzzotJuMhZoJytbzCvlR19TODZaXGUHNaAZrJsPaCI_mfJKTkOO2VtowG2b5l6-NnVVReetqOjywfOadUZbeB0L/s1600/Gemini_Generated_Image_9tqa1k9tqa1k9tqa.png,GreenTomorrow/Vegetable Gardening,,Grow broccoli from seed to harvest: best varieties- spacing- NPK fertilizing- pest control & harvesting guide for North America & Europe. 🥦,https://greentomorrow2026.blogspot.com/2026/04/growing-broccoli-ultimate-guide-for.html,,GROWING BROCCOLI- broccoli gardening- how to grow broccoli- broccoli seeds- vegetable gardening- organic broccoli- homegrown broccoli- broccoli harvest
Mobilier d’extérieur 2026 : Les indispensables — Découvrez les meilleurs choix Amazon,https://blogger.googleusercontent.com/img/b/R29vZ2xl/furniture_2026_amazon.png,GreenTomorrow/Jardin & Terrasse,,Mobilier d’extérieur 2026 : Les indispensables — Découvrez les meilleurs choix Amazon,https://greentomorrow2026.blogspot.com/2026/04/mobilier-dexterieur-2026-les.html,,mobilier extérieur 2026- décoration terrasse- idées balcon- tendances jardin- sélection Amazon- mobilier moderne- inspiration outdoor- déco patio
Tomate en pot,https://blogger.googleusercontent.com/img/b/R29vZ2xl/tomate_en_pot.png,GreenTomorrow/Jardinage & Légumes,,Cultiver des tomates en pot facilement : choix du contenant- terre- arrosage- engrais et récolte. Guide pratique pour balcon et terrasse. 🍅,https://greentomorrow2026.blogspot.com/2026/04/tomate-en-pot.html,,
Growing Tomatoes in Pots: The Complete Step-by-Step Guide,https://blogger.googleusercontent.com/img/b/R29vZ2xl/AVvXsEi23vKq7CmQH9NK-NRTxBLKEvGOjZIBn6WcBCYO4oBBqa1rtHDxW4-of_dl8H9Alv1Sck9FHJb5pgs50-v6w1NGc8_hk1KV9so174LgLo5TRwC9J23fiDFwRpP3iIijcDapNK7blbm-ZQZtZk9P5kGj9TkEMNbt4NkzD6lYh5EpZgdbTp_oF1BgaiT6HAcy/s1600/generated-image.png,GreenTomorrow/Vegetable Gardening,,Grow tomatoes in pots step-by-step: right container- soil mix- watering schedule- fertilizing & harvesting for a bumper crop all summer. 🍅,https://greentomorrow2026.blogspot.com/2026/04/growing-tomatoes-in-pots-complete-step.html,,Pot Preparation- Soil & Nutrition- Care & Maintenance- Troubleshooting- Varieties Guide- Harvesting Tips
Top 10 Outdoor Furniture Picks for 2026: Stylish- Durable & Amazon‑Approved,https://blogger.googleusercontent.com/img/b/R29vZ2xl/top10_furniture_2026.png,GreenTomorrow/Garden & Patio,,The most-pinned outdoor furniture styles of 2026 — curated- ranked & shoppable on Amazon. From wicker sectionals to bistro sets for every budget. 🪑,https://greentomorrow2026.blogspot.com/2026/04/top-10-outdoor-furniture-picks-for-2026.html,,Outdoor furniture ideas 2026- Amazon patio must‑haves- modern balcony decor- small space outdoor setup- trending garden furniture- cozy patio inspiration- shop the best Amazon picks
FAIRE POUSSER DES POMMES DE TERRE EN POTS,https://blogger.googleusercontent.com/img/b/R29vZ2xl/AVvXsEiHRLhdyHDJFzFDEu-aXkjuW5XYm5zD5fv209U2fnki5DYgKWRRxjZaruM7dPDCqYHaYwnFft2oyWLbkmSK1YokE5LLDzihCZEXk7ZJAxs4az3jZ2TqE7BS6ZPjijOZLJ8D8aaHqr6GyJrWXKPtASadtxj2DbPD4xV-UoVitZQ4vioVX-i2YV1aLydLyn1s/s1600/Gemini_Generated_Image_d4uo0d4uo0d4uo0d.png,GreenTomorrow/Jardinage & Légumes,,Faites pousser vos pommes de terre en pots ! Guide complet : variétés- contenant- buttage- arrosage et récolte. Idéal pour balcon et terrasse. 🥔,https://greentomorrow2026.blogspot.com/2026/04/faire-pousser-des-pommes-de-terre-en.html,,Astuces- Bien-être- Engrais Naturels- GreenTomorrow- Care & Maintenance- Harvesting Tips- Aubergine- Herbes
Aubergine en pot,https://blogger.googleusercontent.com/img/b/R29vZ2xl/aubergine_en_pot.png,GreenTomorrow/Jardinage & Légumes,,Cultivez des aubergines en pot sur votre balcon : variétés- substrat- arrosage- engrais et récolte. Guide pratique jardinage en conteneurs. 🍆,https://greentomorrow2026.blogspot.com/2026/04/aubergine-en-pot.html,,Harvesting Tips- GreenTomorrow- Care & Maintenance- Légumes- Pot Preparation- Jardinage Bio- Soil & Nutrition- Potager
Growing Zucchini in Pots: The Ultimate Canadian Guide,https://blogger.googleusercontent.com/img/b/R29vZ2xl/AVvXsEgOU63DIYPiEUm9frFGqFb4A0axqgVMYebk8fWDx6Wz8L71QxaBrNBwZJw6QbapOS6q_7po708T8ErWSbvb7pWIlD-wrFe6rgFLvyr2q03RXZKG5wmlX1Kqz22hri_-N_Z2dJzFvO7D7JKWmtEkhGX5OQDA9I68b5ovJ95JCTJl7UVq7-CySApPXfwLwj88/s1600/Gemini_Generated_Image_6850e96850e96850.png,GreenTomorrow/Vegetable Gardening,,Grow zucchini in pots! The ultimate Canadian guide: best compact varieties- container size- watering- fertilizing & harvesting your summer squash. 🥒,https://greentomorrow2026.blogspot.com/2026/04/growing-zucchini-in-pots-ultimate.html,,Astuces- Zucchini- Care & Maintenance- Engrais Naturels- GreenTomorrow- Harvesting Tips- Jardinage Bio- Légumes
Growing Cherry Tomatoes in Pots & Containers,https://blogger.googleusercontent.com/img/b/R29vZ2xl/AVvXsEgiyFUYM1cCyKeLL2kS6GZFcbr__p2mUZVh_DhAOE1TBXzlP-kOwFKFWhldSZjLnPPoT0K17ZArEpxOO8qWLM8qVScWWJ4NJ9jM7DvgfJGYMNiskFvJxCGdvD494Ee61nGha4QWTwbfFh9c76m_pw67bRPbWVOLJeTG54AaMZ6eX2OGUtGNHp-Q76EUW7cq/s1600/Gemini_Generated_Image_w2rwlxw2rwlxw2rw.png,GreenTomorrow/Vegetable Gardening,,Grow cherry tomatoes in pots on your balcony or patio! Best varieties- container size- watering- feeding & harvesting guide for North America. 🍅,https://greentomorrow2026.blogspot.com/2026/04/growing-cherry-tomatoes-in-pots.html,,Cherry Tomatoes- container gardening- Pot Gardening- Growing Tomatoes- vegetable gardening- Home Gardening- Tomato Life Cycle- Seedlings
